14:0,i-15:0,ai-15:0,br-16:0,15:1,n-15:0,i-16:0,br-17:0,16:0,2-1 16:1a,10-Me-16:0,2-3 16:1b,2-4a,2-4 16:1w7,2-5 i-17:0_,16:1c,br-17:0,br17:1,10-Me17:0,cy17:0,18:0,0,18:1w9t _,br19:0 _,18:1w9c,18:1b,18:1c,18:2a,"18:2w6,9","18:3w6,9,12",cy-19:0,cy-19:0,0,"18:3w3,6,9",20:0,0,18:2b,21:0,20:2,20:3a,20:3b,"20:4w6,9,12,15",22:0,"20:5w3,6,9,12,15",0,23:0_,24:0,25:0,"22:6w3,6,9,12,15,18"
15.54763,50.99968,35.59121,0,0.71701,16.00801,23.34544,0,309.60273,8.16786,19.38728,5.94741,7.45806,80.55526,9.37928,24.82461,53.31774,9.46097,7.36867,40.9437,81.90074,3.34916,3.107,7.79195,219.70362,130.20766,14.39396,9.7923,383.62363,6.92743,3.41117,72.04355,2.49491,62.71541,13.3506,2.76345,0.77432,2.76498,7.76139,7.56917,4.57443,21.26156,20.75709,17.1871,4.14841,4.32474,16.81289,1.56345,3.08891
16.41199,57.03564,39.3381,0,0.90918,17.64833,23.05332,0.34509,318.87738,8.94162,21.32558,6.32568,7.07242,90.38301,9.51787,27.69985,53.576,13.80901,6.75475,45.06765,65.01321,8.61983,2.424,6.9516,228.21321,135.32987,14.89469,4.08542,416.84697,7.89651,3.57347,75.58193,2.71164,61.15607,10.93504,2.41759,1.71122,2.54762,5.48305,7.96013,3.96303,16.41659,16.96901,10.2605,3.29518,3.77832,14.34913,1.20781,2.77357
16.27894,55.89629,34.44602,0,0.90112,11.61238,25.9425,0.57082,235.07018,9.86148,35.38236,5.27229,5.89042,63.7061,7.49932,25.31501,50.0647,10.93176,9.10972,28.23766,46.97617,5.26036,1.90084,2.90357,186.90425,86.73926,15.54695,7.87642,203.36033,6.64537,3.88026,70.18903,5.13323,29.44464,11.78396,1.11821,1.00558,1.9352,3.48517,6.51685,2.32464,10.14857,18.94801,4.43174,2.51347,3.37692,15.41934,1.13174,2.59361
23.86049,75.56871,50.87746,0,1.06205,16.41696,38.0877,0.74443,367.11716,13.30459,54.2995,7.3337,8.85569,96.76475,10.50904,37.28606,83.01712,16.32756,11.74325,45.09773,76.85588,7.00722,4.93574,5.00902,293.09236,130.8894,21.66912,4.71177,331.21654,9.26432,4.51248,92.20809,6.93789,48.40873,18.49703,2.11201,1.19034,3.06411,4.05548,9.42367,3.80496,16.99123,30.14486,6.02526,3.54197,5.77743,27.67491,2.37473,2.77165
29.68859,48.59338,35.75824,0.5932,0.89612,19.95832,28.06209,0,441.80581,6.5588,20.15292,4.71123,10.91335,83.40542,6.00597,25.09325,84.71126,8.69898,4.99845,41.49063,89.08404,4.14409,3.07575,3.99753,343.17074,126.23159,18.98578,3.71448,577.65733,13.69013,3.95673,85.14074,3.05014,94.96058,17.63591,3.71582,3.41924,3.15772,4.64194,11.14888,4.53475,18.56288,27.03751,5.40455,4.12718,5.90739,21.88518,2.1924,2.63778
30.53938,53.75306,38.38132,0,0.66658,20.99399,20.95413,0.30999,499.06517,7.09106,21.94059,5.27325,12.09208,91.99581,6.79406,27.31051,97.2267,9.3171,5.64745,48.43862,104.49789,0,3.43488,4.35928,387.22009,139.15955,20.43098,7.97882,664.69753,15.47019,3.5709,96.08111,2.87709,111.55736,20.53519,3.36152,3.24994,3.79983,5.35576,11.40932,5.33859,20.37417,31.66513,4.93612,0,6.72032,27.79436,2.71888,2.15869
13.71751,39.24695,22.45103,0,0.59444,17.79144,15.12577,0,334.87025,8.29973,24.3153,4.17101,7.53604,67.34782,4.07957,20.39526,39.17962,7.33503,6.79304,22.13893,40.72709,3.44443,2.19332,2.20171,180.53038,85.46786,13.88679,4.01648,320.73442,8.28851,2.83348,46.42236,2.09428,93.96168,19.42239,1.06742,1.07849,2.17577,3.1957,6.58671,4.64085,53.28327,32.15794,15.77014,3.93496,4.09398,26.32116,2.21114,1.65574
6.90281,27.49665,15.14405,0,0.4452,14.60071,13.16879,0,347.9734,6.86633,21.52313,3.74922,8.29447,59.65917,3.81863,18.66159,33.57703,6.80003,5.27991,21.43949,40.14558,3.26756,2.03743,2.07781,167.79056,85.85763,13.32279,4.03275,339.91736,8.51855,2.48561,47.91108,5.46153,114.58776,16.81296,1.4299,0,2.06186,4.04081,7.26926,6.27857,80.06727,27.65511,21.17917,4.56055,4.11761,26.60274,2.79811,1.47704
12.12275,20.24948,14.23812,0.99429,0.3624,8.67721,4.49631,0.54015,156.84992,0,5.97489,0,0,37.65478,0,9.24069,32.20059,3.57551,0,12.09952,29.31623,1.43509,0.88106,1.3275,110.00211,47.06777,6.57797,4.97931,216.11671,4.27436,0,25.72958,0.91948,53.12842,15.19558,1.61364,1.722,1.96259,1.42929,3.31608,1.63621,10.61217,26.49194,4.11684,2.09346,2.96579,17.53919,1.39449,0.62808
20.40665,54.59759,33.50461,0,0.67355,18.35956,15.97049,0,442.66479,7.40447,17.53736,5.5529,7.77047,109.73978,6.10107,26.89712,81.923,11.8648,5.02382,39.29371,80.93919,3.45602,3.35743,3.42215,321.14639,144.07677,18.86621,5.47182,629.82054,13.23325,3.30844,69.4522,2.89259,139.93046,29.76319,2.97545,5.31079,4.84766,4.15064,8.25652,5.42408,29.54807,53.81216,11.29919,4.35266,7.53388,37.76721,4.01114,1.9833
13.2488,32.37384,24.3821,0,0.60831,12.49229,14.06477,0.57424,222.9815,7.11716,14.90372,3.8059,3.23162,61.1556,4.19493,21.09261,38.38337,6.42259,4.39745,20.02874,37.64557,2.93753,2.66789,5.02742,138.5024,74.05541,11.20956,3.14717,310.2138,5.30778,2.2428,30.78999,1.23474,55.56206,14.58246,1.74655,3.49156,2.2215,4.85541,4.61553,2.74829,22.11177,27.14325,8.94153,2.48591,3.9971,19.54807,1.64721,1.83244
10.29209,24.83076,20.57998,0,0.51559,9.72452,10.53614,0,205.3558,6.18543,13.37978,3.27216,2.65026,57.37598,4.14182,21.28391,36.8871,6.7077,3.0202,20.97917,37.20099,2.73065,1.57301,2.82132,135.96319,75.38769,10.24391,3.28982,300.23793,5.27218,1.54889,29.80445,1.14619,50.68682,14.63876,1.20432,3.51401,2.3124,2.35515,5.00999,2.95344,20.63536,27.76437,8.75349,2.5517,4.14545,22.66512,1.87374,1.2127
10.43923,62.24225,32.46987,0.5086,1.51389,14.96301,30.57291,1.32164,202.55623,9.89962,49.04881,5.20444,3.88092,67.69623,9.90164,24.21085,41.42214,16.86274,8.68256,31.68601,32.43047,7.47108,4.25952,4.75909,175.40263,89.92423,20.56428,7.47778,167.52697,10.3923,8.58199,92.41892,8.52685,13.23915,11.78665,2.39957,2.27329,2.63863,3.18489,11.02536,2.57501,10.99374,19.38319,4.31802,4.00368,4.06558,17.36868,1.387,1.41897
10.43263,60.35784,31.02483,0,1.35851,14.22528,29.17476,0.75522,190.9576,9.48667,48.51021,5.3325,4.10516,66.34779,9.70105,23.51058,37.36684,16.20423,8.14883,30.58962,31.35411,7.13805,4.15435,4.53291,170.76309,84.57441,18.23965,6.84893,161.33145,9.39802,7.65547,91.18549,9.21992,11.13902,9.88211,1.994,2.50596,2.19411,2.83827,9.69111,2.33153,11.13492,15.6792,4.44806,3.46616,3.34477,14.29025,1.20091,1.30904
7.55756,49.05701,26.63753,0.93798,1.03867,10.21835,25.53805,1.33759,156.07928,9.96244,45.88789,6.08711,7.34996,63.93712,10.54244,28.13026,39.27324,16.64297,8.03349,24.6756,32.36959,6.19674,5.55828,4.5926,140.71186,90.58411,19.07894,6.75649,97.41426,9.33579,8.70905,90.159,9.51211,7.71145,12.38652,1.67405,1.43577,2.14138,2.03187,8.78379,1.87976,9.67864,20.71351,3.35391,3.0943,3.67333,18.81491,1.17239,1.23438
12.29355,64.06788,33.53524,0.91076,1.62518,13.46943,41.54815,1.02047,162.65724,10.74961,47.75882,6.23968,7.50771,69.46846,10.70408,29.75104,37.97387,16.92634,8.33429,25.1949,32.27413,5.83452,5.51149,4.49591,136.62963,87.83575,18.95941,6.31052,95.68112,9.27516,8.93918,87.85983,21.34229,7.84557,10.92931,1.48413,1.40407,1.98884,2.15475,9.35916,1.78405,9.22585,17.90845,3.00206,2.31477,3.46147,15.8814,0.97574,1.18144
11.7495,45.46035,25.76664,1.0572,1.23263,9.55219,18.23985,1.00508,132.36399,7.36142,32.31779,4.4499,5.26962,48.56082,7.10822,20.18399,31.18981,11.27411,5.48954,18.33364,25.3351,4.17147,3.57747,3.15774,105.04742,61.61383,13.03595,5.24808,111.04074,6.54211,5.69909,60.25387,7.00591,15.50424,9.43031,1.42903,0.97096,1.62485,1.54424,5.97073,1.35251,6.55223,14.69234,2.09833,1.92654,2.47698,12.8027,0.86027,0.88863
18.01539,91.38931,49.84226,0.78217,2.32126,16.46182,45.76652,1.67312,224.7328,15.08944,62.3451,9.0256,10.16442,95.98177,13.73095,40.93614,55.77052,24.28157,10.62357,34.46989,40.76512,7.685,7.52683,5.09164,187.09692,121.14013,26.88847,8.95292,134.99554,13.8018,10.61646,115.31738,13.5226,11.43093,13.97864,2.18502,1.76599,2.53619,2.78398,12.71725,2.33753,11.90003,22.69611,4.41226,3.65029,4.37215,21.25491,1.42203,1.72415
20.777,78.36791,41.95481,1.07337,1.56144,19.96527,36.64033,0.91303,264.98726,11.20376,52.07243,6.88984,7.02117,92.46494,10.7704,31.95346,64.09984,16.41654,6.79515,31.60729,40.10514,6.82073,6.16478,4.27578,191.77111,115.87164,24.47597,9.90568,192.87511,14.19577,9.4499,99.5367,8.59495,15.20226,12.9761,2.10419,7.16522,2.62541,3.25889,13.6675,2.04979,10.17409,23.75259,4.17051,3.79537,4.46591,20.98455,1.02065,0.57989
16.8923299492,76.802972385,39.930698393,0.3082578478,1.3380913909,18.4410813941,30.9715898239,1.0501270161,275.0573512047,11.7902382668,56.9503172447,5.9325144861,6.4716151875,96.4679612243,12.0628370287,33.7271743868,67.4279230589,18.2159256068,7.7212006822,36.9465414197,44.4748587259,7.9462545826,7.0461434126,5.2601012044,210.9015372765,128.854569323,26.7635422356,11.0457954196,207.2612999906,14.7284335862,9.5113962616,115.8909006499,9.503456026,17.1075795893,14.862083532,1.5787278752,7.7454517593,3.0081876506,3.7961640452,14.518993519,1.842462247,11.857970357,28.6407909277,4.449308232,3.6884240527,5.3533728773,28.5914477043,2.2066838107,1.3387036275
21.06899,106.76331,51.49243,0.46872,2.55367,23.74133,38.89091,0.83552,245.68652,18.78258,70.70836,7.48686,4.22624,143.95741,10.76361,43.2647,63.77782,26.54816,7.88504,40.75059,37.2319,8.38944,7.30233,3.62642,204.69897,156.34876,33.8065,14.24636,217.7883,24.30611,11.85137,103.35625,10.10484,24.28416,32.17969,4.84858,2.20623,3.63684,2.66037,15.00522,2.42252,12.05354,54.65184,4.09547,4.82553,7.00078,37.77479,1.93732,1.04091
12.16259,77.02861,36.90471,0.56083,1.58984,18.84682,37.57387,0.94786,230.78898,16.70179,70.18257,8.35345,5.88271,133.07962,10.71792,39.36252,62.05538,25.46482,7.8256,40.54999,39.12873,8.57992,7.53703,3.71851,204.11984,160.02275,35.02104,14.80842,211.91327,23.49736,13.57983,105.25861,11.04053,26.2566,36.78584,4.71214,2.20338,4.00042,2.61264,15.255,2.47132,12.04057,61.96305,4.65587,5.41062,7.32274,42.22307,1.97549,1.30388
22.88307,111.89254,54.36776,0.56999,2.65939,24.82082,40.3201,0.96336,244.95073,19.75309,73.62143,9.69107,6.0102,154.7032,11.05061,46.15132,59.99928,27.54303,8.15258,41.71942,68.25442,8.85062,7.65183,3.58675,201.61943,158.68286,33.40408,14.81536,211.5901,21.64935,11.99938,104.94767,11.22564,23.85336,30.85375,3.885,2.03582,3.43127,2.52258,12.94404,2.11092,12.86052,51.6191,4.92024,4.89212,6.39944,35.85837,1.61918,0.95014
20.55854,102.39997,50.33492,0.75846,2.49566,23.70123,39.45641,0.82407,240.30883,18.6582,70.2949,9.2737,5.75289,146.00628,10.57884,43.62396,61.66827,25.78141,7.9178,40.77661,36.63161,8.70015,7.53598,3.26587,199.64034,155.95774,33.10798,14.57047,210.49107,22.89394,12.22734,101.60255,10.52169,25.69106,30.81734,4.45854,1.99026,3.45538,2.57429,14.2238,2.62096,13.59412,50.97429,4.83052,4.78705,5.97831,35.55853,1.62516,1.14073
7.95831,36.83011,21.45517,1.155,1.22784,9.98635,10.74877,0.97935,115.66616,8.56923,27.62112,4.19207,0,60.34833,4.74275,21.9311,27.74816,13.50981,4.63865,17.26996,20.25021,3.81719,3.58784,2.40418,97.88037,75.71156,12.03182,7.01896,110.3505,6.10173,4.73146,45.96831,4.57999,9.04221,19.40705,1.01737,1.29014,2.15658,1.30881,4.88714,1.21168,5.71079,49.72391,0,3.6341,3.54979,36.44215,1.21309,0.56691
12.01402,70.24798,38.91017,0.29627,2.0329,16.11541,25.8198,1.02424,215.07634,16.1821,51.47193,6.78935,4.70378,116.4876,9.49905,42.1393,48.13932,27.20753,7.24344,34.24667,37.77312,7.83649,6.27081,3.89615,181.62425,147.14002,22.40547,13.22966,213.72677,11.05392,6.51729,90.9475,9.82321,15.73224,30.045,1.83086,2.8306,3.9173,2.36484,8.3269,1.81819,11.44042,78.35949,4.47213,0,6.68439,60.08576,2.35044,1.2973
18.00772,84.20403,48.47154,0,2.09767,18.54382,26.01096,0.84418,288.98374,20.5248,57.10555,9.36037,5.71839,141.80017,12.21859,52.64054,74.4986,25.41924,6.55789,45.29451,43.93854,9.7096,8.12995,4.19335,227.69405,202.23588,32.78739,17.41477,249.4432,25.78763,9.58402,90.78197,9.03842,28.2846,26.12855,3.75293,8.34142,4.06637,3.35282,14.84549,2.43807,12.24815,44.51076,4.52879,0,8.3742,40.98571,2.94283,0.89589
30.2232,128.88578,71.472,0.33056,3.70785,25.10941,34.07264,1.0153,335.69519,26.33913,70.31463,12.02658,6.44858,183.7794,14.81707,66.82374,83.08531,32.12335,8.15984,53.86283,2.43739,45.71033,8.96462,4.85408,251.99948,226.76503,37.1112,19.35986,269.36256,25.12316,10.98679,100.8993,9.99971,31.69327,26.69014,3.07079,7.51907,3.9458,2.93742,13.3489,2.20761,12.83274,42.47395,4.10047,0,4.14767,36.78257,2.51367,1.04404
7.39538,53.21344,21.38599,0.61853,1.60731,11.45893,24.41887,1.30675,140.68468,8.59965,38.57691,4.26097,7.73086,48.46937,11.23237,20.01951,24.33814,13.1661,6.37019,20.432,24.10368,4.47117,4.95254,7.16644,135.37827,94.74504,15.50113,4.52232,85.61931,5.86132,7.69512,101.3633,5.6654,6.70587,11.31006,1.27991,1.26239,2.72906,1.35429,7.6754,0.89887,5.47118,15.91293,1.4389,2.16809,3.24499,11.99293,0.89025,0.46126
1.45928,18.73055,7.577,0,0.42484,4.86704,13.16836,0.96711,102.32488,4.77813,28.71838,0,5.67652,30.43752,8.33845,12.84911,20.89642,9.81868,5.4905,16.87122,20.87317,3.96659,3.81114,6.69655,116.60347,83.49329,13.58696,3.9229,82.00701,6.73123,7.93767,89.31018,4.73938,6.9098,9.95265,1.42087,1.06775,2.36567,1.43185,8.26593,0.76641,5.24137,13.56509,4.81229,13.03389,3.0621,10.93846,0.89169,0.51636
10.41917,64.89403,26.73582,0.63268,1.98231,11.02932,28.68905,1.20296,129.40254,9.94886,39.74356,5.2998,7.29482,52.58302,11.36526,24.04536,25.54708,14.81241,7.39111,21.16799,23.34673,5.69523,5.67949,7.07054,125.4399,82.68167,14.87223,5.03639,68.27467,4.88735,7.2853,108.4461,7.67171,5.53171,9.00396,1.24027,0.88689,1.37498,1.0052,5.02578,1.20821,4.34453,14.56534,2.94883,1.49021,2.27195,13.2854,0.77187,0.65732
15.83246,97.5498,39.56315,0.83701,2.98719,16.71009,37.36804,2.06394,175.27415,13.47396,59.7642,6.38524,13.9409,84.99521,16.60013,36.2891,42.86154,24.26783,9.45497,31.43048,32.51664,6.89264,8.69471,9.08889,173.2338,124.12661,22.83474,7.38643,94.40925,11.11501,11.15443,155.05429,10.1821,7.08329,14.13949,1.65622,1.92182,2.67382,1.71079,10.26538,1.05942,7.82563,22.96176,2.26523,2.10952,4.07716,23.56271,1.30178,0.68155
13.38575,85.56277,34.16552,1.02193,2.32794,19.26772,35.34362,1.47119,189.86712,11.16756,51.97348,5.00189,11.69854,91.01463,14.5186,31.34222,46.9949,18.98806,6.66946,28.58457,30.95854,6.07445,9.58187,8.58138,185.47439,132.13629,28.02831,6.43704,123.65008,10.64172,12.15124,153.28157,9.07645,9.85236,16.17632,1.98475,6.91807,3.38402,1.90973,11.94295,1.03478,6.82515,26.73603,1.69671,3.0936,4.44062,26.23932,1.47306,0.87608
9.68976,80.50689,32.03697,0.53465,1.70508,17.80809,34.89254,1.91762,230.56001,13.19192,65.85933,6.26633,15.63377,108.17026,19.24664,37.80815,59.103,24.44304,9.03524,37.6954,41.21815,7.26013,12.96901,14.53319,242.12779,175.76097,37.97364,9.92222,158.29123,13.76255,14.06661,204.51561,11.98629,15.09606,22.92131,2.75546,8.74779,4.97948,2.66961,15.39453,1.16887,9.42082,38.18872,2.62187,3.42826,5.82476,35.94966,1.92194,0.70999
12.72792,72.01742,34.34201,0,1.84026,14.90462,23.45002,0,137.1973,16.05043,51.44379,6.35864,4.27703,88.56542,9.32584,31.36375,30.92277,17.98899,5.07848,36.13251,3.44928,21.38179,3.71222,3.47856,139.51874,141.56431,27.44114,11.57522,79.31939,7.69682,10.19857,102.45721,12.56608,9.18138,20.27704,1.44228,1.22728,2.55634,0.94227,5.11716,1.17883,5.41678,33.83495,1.5572,3.1529,4.20986,24.92887,1.5322,1.51076
11.30111,70.01012,33.16345,0,1.79144,14.20342,23.9157,0.60769,141.17672,16.4246,53.69811,6.64271,4.55312,92.36907,9.70509,32.69708,31.21302,19.13191,5.91327,37.05526,22.54323,11.58416,7.00126,3.40093,146.45529,149.43117,27.75306,12.16919,82.18215,7.37316,10.20065,107.11196,10.38034,9.62732,18.85362,1.32569,1.14744,2.16875,0.87709,4.996,1.25036,5.39676,30.12994,0.64556,3.17793,3.54064,21.74843,1.20832,1.39944
21.43952,99.30339,48.15337,0.80822,3.66583,27.88351,31.86655,0.88658,229.27617,17.16004,50.05385,8.02073,10.1372,133.05752,11.77107,52.90304,65.87298,29.35491,5.52787,29.69531,3.69009,37.0817,10.00152,5.16624,217.55281,173.77207,38.58064,14.75747,172.79947,18.72741,9.00718,112.33632,11.93899,16.75856,34.79178,4.48604,2.45527,3.74448,2.31991,13.36184,0,9.43617,52.54417,3.34708,0,5.61844,36.77794,1.73783,0.90817
2.94779,22.30344,10.83889,0,0.55991,5.58446,8.4666,0.50073,78.74074,5.24262,19.79823,2.77186,4.14373,42.48292,4.63861,17.02072,22.93326,10.84244,2.48914,11.87696,14.08294,2.61966,4.08375,2.96257,85.31934,69.68478,13.86688,6.3745,68.76227,6.45365,3.84198,48.08986,4.32115,7.58644,20.76745,1.49586,0.67722,1.98663,0.94956,4.92115,1.41704,3.6689,32.17345,1.39529,2.87659,2.79641,22.86524,0.96953,0.39509
5.98445,45.48672,27.44494,0,1.84463,8.04156,20.24856,0.62987,124.29081,16.3335,31.12843,7.82279,7.05135,82.59589,12.09448,40.53455,29.93373,21.62876,4.55363,30.41922,24.15327,12.52195,8.9785,7.98307,134.97084,191.44616,27.18936,11.91385,66.78558,4.55055,6.08148,91.47006,7.55997,7.34618,22.00433,1.08698,2.40498,1.60337,0.95239,3.79825,1.2246,4.25737,26.71318,1.67157,2.94857,2.9157,18.22094,1.01094,0.57296
19.9201,107.36352,63.04548,0.48944,1.28707,18.04219,34.71795,1.42042,216.26058,26.27755,54.8287,12.57391,13.2312,147.3203,20.78304,67.8653,58.42443,36.04089,8.80813,52.3985,41.75238,15.67955,13.13556,12.86061,196.77345,278.83093,39.07117,18.21721,108.63592,9.2022,9.13453,145.98293,10.13686,12.19857,36.11751,1.53518,4.48608,3.35491,0,7.93457,2.2128,8.59935,45.44319,2.87343,3.90543,5.96579,39.90105,2.1953,0.58987
0.66892,7.3098,3.9676,0.24981,0.24564,0.99918,3.38328,0.36811,12.42617,1.81191,4.54794,1.14726,3.40183,7.27747,2.42469,3.82977,2.90611,3.51659,0.89814,3.14527,3.09065,1.8215,1.47963,1.79963,9.23995,24.64388,1.44863,0.39003,2.7047,0.16748,0.5385,25.53245,0.34651,0.24256,0.74509,0,0.17781,0.11406,0.13092,0.23187,0.09486,0.35681,0.94397,0.06404,0.05364,0.25307,2.43121,0.07238,0
0.52877,6.28824,3.41893,0.22325,0.19681,0.8143,3.53223,0.33131,12.31545,1.70927,4.53453,0.84052,3.03342,6.7888,2.43725,3.63144,3.01799,3.39926,0.9691,3.13337,3.06861,1.81733,1.43579,2.36318,9.36445,24.73168,1.49093,0.41008,2.80053,0.21652,0.57087,25.51949,0.34744,0.31723,0.58499,0,0.15003,0.12972,0.17351,0.28487,0.09649,0.31904,0.79549,0.06049,0.08389,0.10527,2.70462,0.05568,0
0.50689,6.24507,3.9427,0.28754,0.20174,0.83357,3.29026,0.72237,12.96414,1.57326,5.17088,1.37908,2.46833,7.44544,2.5759,4.26044,3.03434,3.63048,0.85419,5.70451,3.41785,2.20639,1.48427,1.9495,7.75889,30.87024,2.26795,0.55076,2.93271,0.06914,0.89682,24.56893,0.39354,0.12763,0.74299,0,0.1743,0.1507,0.06269,0.12713,0.07279,0.32718,0.94004,0.10812,0.11813,0.12759,3.11348,0.07449,0
0.5807,5.23343,2.79427,0.27818,0.22807,0.79257,3.18185,0.52813,12.08601,1.82174,3.35234,0.91864,1.78533,5.88836,1.78173,3.54146,2.22656,2.77754,0.76554,4.24349,2.91606,1.84601,1.31471,1.70845,8.05268,25.68329,1.58093,0.52665,1.93824,0,0.69477,23.03728,0.30202,0.06543,0.65308,0,0.218,0.10874,0.04019,0.04622,0.04815,0.2032,0.64232,0.05266,0.03971,0.0723,2.56968,0.04979,0.02523
0.89592,6.95388,3.89382,0.26843,0.33713,0.87597,2.81235,0.56056,12.26609,2.00323,3.44633,1.05522,1.87124,6.45244,1.85276,3.85536,2.29697,2.90322,0.73124,4.84795,2.77813,1.90688,1.25308,2.23625,6.33651,24.84906,1.57112,0.51091,1.49546,0.0233,0.51877,22.10328,0.32195,0.05083,0.76022,0,0.20613,0.12912,0.02689,0.02899,0.05024,0.20899,0.85022,0.03914,0.0504,0.49075,2.64398,0.05465,0.02351
0.47703,4.3326,2.48355,0.13155,0.1818,0.70439,1.45893,0.12507,9.93454,1.32927,2.79392,0.76012,1.26265,5.9179,1.46724,3.21527,2.1776,2.46905,0.27414,4.39108,2.12615,1.01194,1.03758,0.80673,5.28438,18.16234,18.16234,0.75879,2.23504,0.08516,0.58922,13.81096,0.23723,0.15815,0.66375,0,0.25977,0.11838,0,0.12827,0.0888,0.12288,0.93936,0,0.15925,0.23646,1.75545,0.06727,0
0.77432,5.99007,3.40514,0.17813,0.27424,0.92713,1.84213,0.14015,11.95706,1.86884,3.61709,1.07164,1.57699,7.44477,1.75206,3.9815,2.63207,2.98172,0.3506,5.29299,0.56421,2.27379,1.17523,0.9086,6.12487,20.7999,1.9495,0.88376,2.63178,0.16472,0.64197,15.47154,0.29537,0.18744,0.6769,0,0.27642,0.1073,0,0.1814,0.08293,0.15647,0.77295,0.06824,0.18194,0.24785,1.60463,0.05025,0
0.15483,2.10502,1.13001,0.08095,0,0.39639,1.13249,0.12093,8.73829,1.11481,2.87064,0.73214,1.2748,4.59433,1.43421,2.58748,2.17765,2.2034,0.2986,4.31268,2.15892,1.03559,1.04458,0.86814,5.61457,18.66182,1.78468,0.76792,2.4219,0.15506,0.60442,14.24841,0.26735,0.20318,0.65097,0,0.26021,0.1056,0,0.19286,0.07172,0.13748,0.7787,0.05929,0.17959,0.22058,1.55558,0.05519,0
0.41302,4.0462,2.31276,0.12927,0.13117,0.62197,1.47472,0.12848,10.50136,1.53328,3.21999,0.91518,1.43344,6.23595,1.55834,3.38224,2.39647,2.62173,0.39928,4.79901,2.18931,1.08043,1.10767,0.85323,5.8119,19.62288,1.90534,0.85016,2.5863,0.18475,0.55287,14.54354,0.26625,0.21735,0.59247,0,0.27522,0.10624,0,0.17489,0.07437,0.12474,0.79763,0,0.16365,0.22416,1.49555,0.06009,0
0.68237,5.42123,3.24802,0.20226,0.22828,0.89575,2.63242,0.49343,10.72124,1.52377,3.77387,0.9807,1.82679,6.48221,1.53864,4.12478,2.70624,2.72639,0.56076,4.53063,2.63647,0.86725,0.91825,1.42718,6.247,15.79036,1.73545,0.59866,2.06999,0.11546,0.4475,9.7457,0.13393,0.23138,0.83364,0,0.22016,0.13087,0.0335,0.13274,0.04214,0.20143,1.05897,0.02474,0.12091,0.22833,1.36472,0.0732,0
0.59894,5.2565,3.20524,0.17151,0.20284,0.73751,1.90717,0.51875,10.68987,1.55493,3.87029,1.08792,2.0235,6.47853,1.61429,4.23777,2.56428,2.87669,0.58977,4.72263,2.72116,0.89159,0.60391,1.05612,6.13564,16.2973,1.80001,0.59527,1.65481,0.07847,0.32235,10.29019,0.14692,0.15694,0.8433,0.01681,0.23331,0.11469,0.03179,0.16781,0,0.1949,0.97648,0.04628,0.10994,0.18,1.41033,0.06401,0.01711
0.68097,6.01277,3.44001,0.21295,0.30595,0.82817,2.04706,0.56979,11.03423,1.59283,3.58565,1.0892,1.55536,7.41267,1.80706,3.92033,2.87296,3.49192,0.51175,4.79541,0.26076,2.65964,0.69005,0.76819,6.25209,17.78966,1.50253,0.68853,2.00904,0.12108,0.35068,11.21077,0.16209,0.19138,0.86391,0.0295,0.2669,0.03354,0.05312,0.13008,0,0.20211,0.88857,0.13174,0.15617,0.22691,1.40608,0.0907,0.01667
0.82437,7.32571,4.16839,0.24312,0.38655,1.02331,2.28101,0.62036,12.31218,1.83111,3.92626,1.26033,1.68072,8.52161,1.90815,4.40594,3.2699,3.72217,0.53596,5.21672,0.31869,2.86272,0.75136,0.78895,6.65855,18.94132,1.59392,0.74385,2.37023,0.11795,0.38749,11.6926,0.17889,0.17889,1.04285,0,0.25767,0.12829,0.041,0.08789,0,0.25191,1.08604,0.10173,0.14192,0.26771,1.68971,0.11015,0.0235
1.04128,6.23066,4.04433,0.32569,0.23292,1.45519,2.62721,0.13511,14.34274,1.74859,4.14413,0.95016,2.82708,7.83465,1.86467,4.05832,2.72046,2.52091,0.53711,3.99746,3.43791,1.39774,1.01504,2.02927,11.01567,24.0558,2.07681,0.61002,7.39298,0.15881,1.1075,19.96499,0.85305,0.29571,2.53305,0.06065,0.20667,0.23041,0.10428,0.27482,0.33478,0.63705,2.64585,0.16699,0.30411,0.33452,3.03732,0.10497,0
1.07013,6.77149,4.31873,0.11302,0.19223,1.20763,3.50431,0,13.76033,1.75146,4.0778,0.80563,2.06893,6.40408,1.77901,3.65877,2.44436,2.2509,0.62755,3.79821,2.75239,1.32217,0.89866,1.78926,10.15039,21.78077,1.88274,0.5273,7.35489,0,0.88012,18.92195,0.72659,0,1.56535,0,0.17646,0.1391,0.09003,0.17451,0.22691,0.49935,1.85599,0.16419,0.22387,0.31093,2.68308,0.15025,0
1.88457,10.17618,6.40413,0.26759,0.42475,2.20701,4.89135,0.11762,20.42152,2.37916,5.34234,1.11707,3.29862,10.65671,2.20212,5.22314,4.33017,3.04443,0.72117,4.9237,0.30881,4.21954,1.24089,1.70557,15.29838,26.48986,2.65138,0.82717,12.16011,0.48717,1.08128,22.7403,0.87006,0.78042,2.85604,0.09109,0.32043,0.3259,0.17854,0.46996,0.25575,0.88702,3.10743,0.26862,0.3408,0.4858,3.66777,0.15497,0.06589
1.75972,9.54435,6.47151,0.19752,0.31082,1.86249,4.10884,0.12347,19.09748,2.48838,5.49573,1.26567,3.87276,10.68518,2.51462,5.62311,3.77365,3.37721,0.75632,5.5971,0.30733,4.53413,1.39987,2.45383,14.84734,31.94345,2.63109,0.86231,8.82666,0.20017,1.08851,27.77731,1.09906,0.4048,3.81745,0,0.25496,0.32075,0.15655,0.15526,0.28996,0.90448,3.70262,0.32009,0.40102,0.62884,4.75269,0.18263,0.08973
1.81629,10.05403,6.69682,0.20347,0.34207,1.93464,4.14707,0.10796,18.50305,2.52428,5.32458,1.22768,3.50588,10.46141,2.35069,5.41699,3.80124,3.17472,0.76917,5.12788,0.29759,4.18251,1.25783,2.27472,13.03302,28.34256,2.47825,0.78659,9.4144,0.24942,1.00475,22.6896,0.8713,0.37167,3.26972,0.04406,0.2334,0.30862,0.11705,0.25617,0.17169,0.76513,3.37384,0.2287,0.31465,0.4956,4.36897,0.15969,0.06352
1.80411,9.98388,6.57917,0.20611,0.33929,1.90213,4.35804,0.12613,18.38513,2.46969,5.56756,1.21627,3.59131,10.4578,2.39211,5.31422,3.84012,3.30181,0.83025,5.23977,0.30088,4.29244,1.27027,2.34263,13.22716,28.68467,2.47702,0.43299,8.8156,0.24806,1.05453,23.87983,0.90885,0.38144,3.38511,0.04412,0.22234,0.30922,0,0.27998,0.16792,0.7227,3.63627,0.26532,0.3418,0.49681,4.60011,0.16636,0.05799
